,TeamHome,ScoreHome,ScoreAway,TeamAway,Year
0,Perú,33,27,Yugoslavia,1950
1,Egipto,43,37,Ecuador,1950
2,Estados Unidos,37,33,Chile,1950
3,Brasil,40,33,Perú,1950
4,Argentina,56,40,Francia,1950
5,Egipto,57,56,España,1950
6,Chile,40,24,Yugoslavia,1950
7,Francia,48,43,Ecuador,1950
8,Francia,49,46,Perú,1950
9,Chile,54,40,España,1950
10,3 España 4 3 1 2,89,97,-8,1950
11,4 Yugoslavia 4 4 0 4,110,126,-16,1950
12,Ecuador,45,40,Yugoslavia,1950
13,Perú,43,37,España,1950
14,Perú,46,43,Yugoslavia,1950
15,Ecuador,54,50,España,1950
16,España,2,0,(multa) Yugoslavia,1950
17,Perú,51,43,Ecuador,1950
18,4 Chile 7 5 2 3,209,233,-24,1950
19,5 Egipto 7 5 2 3,158,208,-50,1950
20,6 Francia 5 5 0 5,173,252,-79,1950
21,Estados Unidos,34,32,Egipto,1950
22,Chile,48,44,Francia,1950
23,Egipto,31,28,Francia,1950
24,Argentina,40,35,Brasil,1950
25,Estados Unidos,45,42,Brasil,1950
26,Argentina,62,41,Chile,1950
27,Brasil,38,19,Egipto,1950
28,Argentina,66,41,Francia,1950
29,Estados Unidos,44,29,Chile,1950
30,Argentina,68,33,Egipto,1950
31,Estados Unidos,48,33,Francia,1950
32,Chile,51,40,Brasil,1950
33,Egipto,43,40,Chile,1950
34,Brasil,59,27,Francia,1950
35,Argentina,64,50,Estados Unidos,1950
36,Canadá,68,58,Perú,1954
37,Estados Unidos,59,37,Canadá,1954
38,Estados Unidos,73,51,Perú,1954
39,Filipinas,64,52,Paraguay,1954
40,Brasil,99,63,Filipinas,1954
41,Brasil,61,52,Paraguay,1954
42,Uruguay,55,52,Yugoslavia,1954
43,Francia,67,60,Yugoslavia,1954
44,Uruguay,58,46,Francia,1954
45,Taiwán,49,45,Israel,1954
46,Chile,68,66,Taiwán,1954
47,Israel,55,49,Chile,1954
48,Chile,70,62,Yugoslavia,1954
49,Paraguay,66,58,Perú,1954
50,Yugoslavia,86,84,Perú,1954
51,Paraguay,60,57,Chile,1954
52,Paraguay,67,62,Yugoslavia,1954
53,Chile,52,48,Perú,1954
54,Canadá,50,43,Israel,1954
55,Estados Unidos,56,43,Filipinas,1954
56,Francia,57,49,Uruguay,1954
57,Brasil,61,44,Taiwán,1954
58,Canadá,67,66,Uruguay,1954
59,Brasil,68,46,Israel,1954
60,Estados Unidos,70,49,Francia,1954
61,Filipinas,48,38,Taiwán,1954
62,Estados Unidos,64,59,Uruguay,1954
63,Brasil,82,67,Canadá,1954
64,Francia,58,48,Taiwán,1954
65,Estados Unidos,84,50,Canadá,1954
66,Filipinas,90,56,Israel,1954
67,Israel,48,45,Francia,1954
68,Brasil,57,41,Filipinas,1954
69,Uruguay,67,62,Taiwán,1954
70,Brasil,49,36,Francia,1954
71,Estados Unidos,72,28,Taiwán,1954
72,Filipinas,83,76,Canadá,1954
73,Filipinas,66,60,Francia,1954
74,Uruguay,73,69,Israel,1954
75,Taiwán,74,61,Canadá,1954
76,Brasil,60,45,Uruguay,1954
77,Francia,66,62,Canadá,1954
78,Estados Unidos,74,30,Israel,1954
79,Taiwán,51,38,Israel,1954
80,Estados Unidos,62,41,Brasil,1954
81,Filipinas,67,63,Uruguay,1954
82,Taiwán,71,69,Egipto,1959
83,Estados Unidos,87,73,Argentina,1959
84,Argentina,65,52,Egipto,1959
85,Estados Unidos,81,73,Taiwán,1959
86,Taiwán,63,59,Argentina,1959
87,Estados Unidos,103,58,Egipto,1959
88,Brasil,69,52,Canadá,1959
89,URSS,102,72,México,1959
90,Canadá,54,51,México,1959
91,URSS,73,64,Brasil,1959
92,Canadá,63,54,URSS,1959
93,Brasil,78,50,México,1959
94,Bulgaria,67,55,Puerto Rico,1959
95,Filipinas,68,59,Uruguay,1959
96,Puerto Rico,78,64,Uruguay,1959
97,Bulgaria,85,61,Filipinas,1959
98,Bulgaria,65,58,Uruguay,1959
99,Puerto Rico,76,63,Filipinas,1959
100,Filipinas,66,65,Egipto,1959
101,Egipto,71,69,Canadá,1959
102,Filipinas,79,65,Canadá,1959
103,Uruguay,51,48,Argentina,1959
104,Uruguay,54,47,México,1959
105,Argentina,75,66,México,1959
106,Argentina,61,59,Egipto,1959
107,Canadá,64,56,México,1959
108,Filipinas,78,70,Uruguay,1959
109,Chile,86,85,Taiwán,1959
110,Estados Unidos,63,58,Bulgaria,1959
111,URSS,84,55,Puerto Rico,1959
112,Chile,83,71,Puerto Rico,1959
113,Brasil,94,76,Taiwán,1959
114,Estados Unidos,54,53,Puerto Rico,1959
115,Brasil,62,53,Bulgaria,1959
116,URSS,66,63,Brasil,1959
117,Bulgaria,76,71,Chile,1959
118,URSS,78,58,Bulgaria,1959
119,Estados Unidos,85,69,Taiwán,1959
120,URSS,75,49,Chile,1959
121,Puerto Rico,85,81,Taiwán,1959
122,URSS,62,37,Estados Unidos,1959
123,Brasil,99,71,Puerto Rico,1959
124,Estados Unidos,66,55,Chile,1959
125,Bulgaria,70,62,Puerto Rico,1959
126,Taiwán,2,0,(multa) Bulgaria,1959
127,Brasil,81,67,Estados Unidos,1959
128,Taiwán,2,0,(multa) URSS,1959
129,Brasil,73,49,Chile,1959
130,URSS,58,45,Canadá,1963
131,Francia,64,54,Uruguay,1963
132,Uruguay,66,56,Canadá,1963
133,URSS,70,57,Francia,1963
134,Francia,79,57,Canadá,1963
135,URSS,94,75,Uruguay,1963
136,Yugoslavia,84,67,Perú,1963
137,Puerto Rico,86,65,Japón,1963
138,Puerto Rico,70,64,Perú,1963
139,Yugoslavia,95,63,Japón,1963
140,Japón,70,50,Perú,1963
141,Yugoslavia,83,78,Puerto Rico,1963
142,Estados Unidos,88,74,México,1963
143,Italia,91,73,Argentina,1963
144,Estados Unidos,81,51,Argentina,1963
145,Italia,90,82,México,1963
146,México,84,82,Argentina,1963
147,Estados Unidos,87,77,Italia,1963
148,Perú,66,59,Canadá,1963
149,Uruguay,79,63,Japón,1963
150,Argentina,88,86,México,1963
151,Uruguay,67,66,Perú,1963
152,México,87,73,Canadá,1963
153,Argentina,97,83,Uruguay,1963
154,Uruguay,76,73,México,1963
155,Canadá,78,74,Japón,1963
156,Argentina,84,78,Perú,1963
157,Japón,35,36,Argentina,1963
158,Canadá,73,71,México,1963
159,Perú,95,85,Japón,1963
160,Estados Unidos,81,61,Francia,1963
161,URSS,58,48,Francia,1963
162,Brasil,62,55,Puerto Rico,1963
163,Francia,67,60,Puerto Rico,1963
164,Yugoslavia,73,57,Puerto Rico,1963
165,URSS,75,74,Estados Unidos,1963
166,Yugoslavia,75,73,Estados Unidos,1963
167,Yugoslavia,85,74,Italia,1963
168,URSS,64,55,Puerto Rico,1963
169,Francia,67,63,Italia,1963
170,Brasil,81,62,Italia,1963
171,Brasil,90,71,Yugoslavia,1963
172,Brasil,77,63,Francia,1963
173,URSS,83,63,Italia,1963
174,Estados Unidos,88,64,Puerto Rico,1963
175,Puerto Rico,75,72,Italia,1963
176,Brasil,90,79,URSS,1963
177,Estados Unidos,101,73,Italia,1963
178,Yugoslavia,69,67,URSS,1963
179,Brasil,85,81,Estados Unidos,1963
180,Yugoslavia,99,63,Francia,1963
181,Estados Unidos,67,56,Italia,1967
182,Yugoslavia,86,73,México,1967
183,Yugoslavia,71,62,Italia,1967
184,Estados Unidos,75,65,México,1967
185,Estados Unidos,76,71,Yugoslavia,1967
186,México,78,60,Italia,1967
187,Argentina,69,63,Japón,1967
188,URSS,84,46,Perú,1967
189,Argentina,73,65,Perú,1967
190,URSS,95,56,Japón,1967
191,Perú,81,58,Japón,1967
192,URSS,105,66,Argentina,1967
193,Polonia,76,64,Puerto Rico,1967
194,Brasil,85,41,Paraguay,1967
195,Brasil,83,67,Polonia,1967
196,Puerto Rico,86,52,Paraguay,1967
197,Brasil,92,56,Puerto Rico,1967
198,Polonia,101,60,Paraguay,1967
199,Perú,57,52,Puerto Rico,1967
200,México,65,46,Paraguay,1967
201,Italia,91,58,Paraguay,1967
202,México,56,44,Perú,1967
203,Italia,74,47,Japón,1967
204,Japón,86,79,Puerto Rico,1967
205,México,65,59,Puerto Rico,1967
206,Italia,68,46,Perú,1967
207,Japón,80,55,Paraguay,1967
208,México,69,54,Japón,1967
209,Puerto Rico,78,69,Paraguay,1967
210,Italia,78,74,Perú,1967
211,Brasil,63,45,Uruguay,1967
212,Estados Unidos,76,66,Argentina,1967
213,URSS,86,61,Polonia,1967
214,URSS,78,74,Brasil,1967
215,Argentina,79,75,Uruguay,1967
216,Yugoslavia,82,78,Polonia,1967
217,Yugoslavia,87,84,Brasil,1967
218,Estados Unidos,88,53,Uruguay,1967
219,URSS,96,61,Argentina,1967
220,Estados Unidos,59,58,URSS,1967
221,Brasil,90,85,Polonia,1967
222,Yugoslavia,93,69,Argentina,1967
223,URSS,60,54,Uruguay,1967
224,Polonia,65,58,Argentina,1967
225,Yugoslavia,73,72,Estados Unidos,1967
226,Uruguay,58,57,Yugoslavia,1967
227,Brasil,74,66,Argentina,1967
228,Estados Unidos,91,61,Polonia,1967
229,URSS,71,59,Yugoslavia,1967
230,Polonia,72,62,Uruguay,1967
231,Brasil,80,71,Estados Unidos,1967
232,Estados Unidos,74,53,Cuba,1970
233,Checoslovaquia,94,70,Australia,1970
234,Checoslovaquia,82,80,Cuba,1970
235,Estados Unidos,99,62,Australia,1970
236,Cuba,72,53,Australia,1970
237,Estados Unidos,99,86,Checoslovaquia,1970
238,Brasil,82,77,Corea del Sur,1970
239,Italia,84,69,Canadá,1970
240,Brasil,94,93,Italia,1970
241,Corea del Sur,97,88,Canadá,1970
242,Italia,77,66,Corea del Sur,1970
243,Brasil,112,59,Canadá,1970
244,Uruguay,90,73,Egipto,1970
245,URSS,110,52,Panamá,1970
246,URSS,71,53,Uruguay,1970
247,Panamá,107,77,Egipto,1970
248,Uruguay,79,77,Panamá,1970
249,URSS,121,56,Egipto,1970
250,Panamá,91,88,Corea del Sur,1970
251,Australia,95,81,Egipto,1970
252,Cuba,98,65,Canadá,1970
253,Corea del Sur,79,77,Canadá,1970
254,Panamá,90,83,Australia,1970
255,Cuba,103,64,Egipto,1970
256,Canadá,81,79,Panamá,1970
257,Cuba,90,61,Australia,1970
258,Corea del Sur,93,73,Egipto,1970
259,Canadá,80,76,Australia,1970
260,Cuba,87,71,Corea del Sur,1970
261,Panamá,94,69,Egipto,1970
262,URSS,62,58,Italia,1970
263,Yugoslavia,63,45,Uruguay,1970
264,Yugoslavia,66,63,Italia,1970
265,Brasil,66,64,URSS,1970
266,Italia,66,64,Estados Unidos,1970
267,Brasil,69,65,Estados Unidos,1970
268,Brasil,69,59,Italia,1970
269,Yugoslavia,70,63,Estados Unidos,1970
270,Checoslovaquia,72,71,Brasil,1970
271,Checoslovaquia,75,69,Uruguay,1970
272,Estados Unidos,75,72,URSS,1970
273,Italia,76,65,Uruguay,1970
274,Estados Unidos,76,39,Uruguay,1970
275,Yugoslavia,80,55,Brasil,1970
276,Brasil,86,81,Uruguay,1970
277,URSS,87,72,Yugoslavia,1970
278,Estados Unidos,88,60,Checoslovaquia,1970
279,Italia,89,77,Checoslovaquia,1970
280,Yugoslavia,94,84,Checoslovaquia,1970
281,URSS,95,43,Uruguay,1970
282,URSS,98,72,Checoslovaquia,1970
283,Brasil,94,54,República Centroafricana,1974
284,URSS,95,80,México,1974
285,URSS,79,60,Brasil,1974
286,México,106,82,República Centroafricana,1974
287,Brasil,100,78,México,1974
288,URSS,140,48,República Centroafricana,1974
289,España,96,89,Argentina,1974
290,Estados Unidos,135,85,Filipinas,1974
291,Argentina,111,90,Filipinas,1974
292,Estados Unidos,114,71,España,1974
293,Estados Unidos,109,86,Argentina,1974
294,España,117,85,Filipinas,1974
295,Cuba,61,60,Checoslovaquia,1974
296,Canadá,80,69,Australia,1974
297,Canadá,83,75,Checoslovaquia,1974
298,Cuba,92,79,Australia,1974
299,Cuba,80,79,Canadá,1974
300,Checoslovaquia,89,84,Australia,1974
301,México,94,84,Checoslovaquia,1974
302,Filipinas,101,100,Australia,1974
303,Argentina,121,70,República Centroafricana,1974
304,México,101,84,Filipinas,1974
305,Australia,102,100,Argentina,1974
306,Checoslovaquia,113,70,República Centroafricana,1974
307,México,96,94,Argentina,1974
308,Australia,96,67,República Centroafricana,1974
309,Checoslovaquia,119,112,Filipinas,1974
310,México,85,84,Australia,1974
311,Filipinas,87,86,República Centroafricana,1974
312,Checoslovaquia,113,91,Argentina,1974
313,Yugoslavia,84,60,Brasil,1974
314,Estados Unidos,94,76,Puerto Rico,1974
315,URSS,100,71,España,1974
316,Yugoslavia,101,83,Cuba,1974
317,España,102,86,Puerto Rico,1974
318,Estados Unidos,115,94,Canadá,1974
319,Yugoslavia,82,79,URSS,1974
320,Estados Unidos,83,70,Cuba,1974
321,Canadá,86,73,España,1974
322,Brasil,73,68,Puerto Rico,1974
323,Brasil,75,74,Canadá,1974
324,URSS,83,66,Cuba,1974
325,Cuba,84,75,España,1974
326,Yugoslavia,93,53,Puerto Rico,1974
327,Yugoslavia,102,99,Canadá,1974
328,URSS,87,76,Puerto Rico,1974
329,Estados Unidos,103,83,Brasil,1974
330,Estados Unidos,91,88,Yugoslavia,1974
331,URSS,92,60,Canadá,1974
332,España,93,91,Brasil,1974
333,España,71,79,Yugoslavia,1974
334,Estados Unidos,94,105,URSS,1974
335,Puerto Rico,98,97,Cuba,1974
336,Puerto Rico,79,74,Canadá,1974
337,Brasil,80,85,Cuba,1974
338,Yugoslavia,99,64,Senegal,1978
339,Canadá,105,69,Corea del Sur,1978
340,Canadá,60,42,Senegal,1978
341,Yugoslavia,121,85,Corea del Sur,1978
342,Corea del Sur,86,84,Senegal,1978
343,Yugoslavia,105,95,Canadá,1978
344,Italia,93,80,Puerto Rico,1978
345,Brasil,154,97,China,1978
346,Brasil,88,84,Italia,1978
347,Puerto Rico,107,104,China,1978
348,Brasil,100,88,Puerto Rico,1978
349,Italia,125,95,China,1978
350,Estados Unidos,77,75,Australia,1978
351,Checoslovaquia,82,81,republique dominicaire,1978
352,Australia,71,68,Checoslovaquia,1978
353,Estados Unidos,104,65,republique dominicaire,1978
354,Australia,74,72,republique dominicaire,1978
355,Estados Unidos,96,79,Checoslovaquia,1978
356,Brasil,69,62,Canadá,1978
357,Italia,81,80,Estados Unidos,1978
358,Yugoslavia,117,101,Filipinas,1978
359,URSS,112,67,Australia,1978
360,Yugoslavia,108,76,Italia,1978
361,Brasil,108,78,Australia,1978
362,URSS,110,63,Filipinas,1978
363,Italia,87,69,Australia,1978
364,Brasil,92,90,Estados Unidos,1978
365,Yugoslavia,100,93,Estados Unidos,1978
366,URSS,107,85,Canadá,1978
367,Estados Unidos,96,90,Canadá,1978
368,Yugoslavia,105,92,URSS,1978
369,Brasil,119,72,Filipinas,1978
370,URSS,79,69,Italia,1978
371,Canadá,91,79,Australia,1978
372,Australia,97,52,Filipinas,1978
373,Italia,112,75,Filipinas,1978
374,Yugoslavia,91,87,Brasil,1978
375,URSS,97,76,Estados Unidos,1978
376,Canadá,99,88,Filipinas,1978
377,Estados Unidos,100,70,Brasil,1978
378,Italia,100,83,Canadá,1978
379,Yugoslavia,105,101,Australia,1978
380,URSS,110,92,Filipinas,1978
381,republique dominicaire,80,76,Senegal,1978
382,Puerto Rico,97,83,Senegal,1978
383,China,102,90,Corea del Sur,1978
384,republique dominicaire,113,93,Corea del Sur,1978
385,Checoslovaquia,118,104,Puerto Rico,1978
386,Checoslovaquia,118,95,China,1978
387,Senegal,89,79,China,1978
388,Checoslovaquia,103,82,Corea del Sur,1978
389,Puerto Rico,119,87,Corea del Sur,1978
390,Checoslovaquia,102,82,Senegal,1978
391,China,115,112,republique dominicaire,1978
392,Puerto Rico,119,89,republique dominicaire,1978
393,Australia,92,74,Filipinas,1978
394,Estados Unidos,96,94,Canadá,1978
395,Brasil,86,85,Italia,1978
396,Yugoslavia,82,81,URSS,1978
397,España,88,85,Panamá,1982
398,Estados Unidos,96,73,China,1982
399,Estados Unidos,100,79,Panamá,1982
400,España,108,78,China,1982
401,España,109,99,Estados Unidos,1982
402,Panamá,121,92,China,1982
403,Australia,75,73,Brasil,1982
404,URSS,129,80,Costa de Marfil,1982
405,Brasil,102,79,Costa de Marfil,1982
406,URSS,108,69,Australia,1982
407,Australia,80,59,Costa de Marfil,1982
408,URSS,99,92,Brasil,1982
409,Canadá,87,78,Uruguay,1982
410,Yugoslavia,101,80,Checoslovaquia,1982
411,Yugoslavia,101,77,Uruguay,1982
412,Canadá,104,99,Checoslovaquia,1982
413,Yugoslavia,88,78,Canadá,1982
414,Checoslovaquia,111,84,Uruguay,1982
415,Estados Unidos,88,81,Yugoslavia,1982
416,URSS,114,83,Canadá,1982
417,España,137,84,Colombia,1982
418,Australia,84,78,Canadá,1982
419,Yugoslavia,108,91,España,1982
420,URSS,143,76,Colombia,1982
421,España,99,87,Australia,1982
422,URSS,99,94,Yugoslavia,1982
423,Estados Unidos,100,83,Colombia,1982
424,Estados Unidos,71,69,Canadá,1982
425,Australia,72,63,Colombia,1982
426,España,83,80,Canadá,1982
427,Yugoslavia,97,88,Colombia,1982
428,Yugoslavia,105,91,Australia,1982
429,URSS,106,93,España,1982
430,Estados Unidos,99,93,URSS,1982
431,Canadá,107,79,Estados Unidos,1982
432,Estados Unidos,110,86,Australia,1982
433,Brasil,93,79,China,1982
434,Checoslovaquia,111,88,China,1982
435,Panamá,117,83,Costa de Marfil,1982
436,Panamá,92,75,Uruguay,1982
437,Checoslovaquia,94,92,Costa de Marfil,1982
438,Brasil,96,77,Uruguay,1982
439,Uruguay,72,56,China,1982
440,Panamá,86,85,Brasil,1982
441,China,91,77,Costa de Marfil,1982
442,Checoslovaquia,89,87,Panamá,1982
443,Uruguay,96,85,Costa de Marfil,1982
444,Brasil,98,94,Checoslovaquia,1982
445,Yugoslavia,119,117,España,1982
446,URSS,95,94,Estados Unidos,1982
447,España,84,80,Francia,1986
448,Brasil,104,74,Corea del Sur,1986
449,Grecia,110,81,Panamá,1986
450,Grecia,87,84,Francia,1986
451,Brasil,88,85,Panamá,1986
452,España,120,73,Corea del Sur,1986
453,España,87,86,Grecia,1986
454,Francia,93,85,Brasil,1986
455,Panamá,111,103,Corea del Sur,1986
456,Francia,101,84,Corea del Sur,1986
457,Brasil,115,95,Grecia,1986
458,España,125,70,Panamá,1986
459,Brasil,86,72,España,1986
460,Francia,91,88,Panamá,1986
461,Grecia,98,80,Corea del Sur,1986
462,Australia,72,66,Cuba,1986
463,Israel,84,79,Uruguay,1986
464,URSS,89,51,Angola,1986
465,Uruguay,77,74,Australia,1986
466,Israel,95,75,Angola,1986
467,URSS,129,87,Cuba,1986
468,Angola,74,69,Australia,1986
469,Cuba,87,76,Uruguay,1986
470,URSS,114,77,Israel,1986
471,Cuba,81,53,Angola,1986
472,Australia,98,91,Israel,1986
473,URSS,111,62,Uruguay,1986
474,Uruguay,83,81,Angola,1986
475,Israel,88,78,Cuba,1986
476,URSS,122,92,Australia,1986
477,Puerto Rico,81,69,Alemania del Oeste,1986
478,Italia,98,87,China,1986
479,Estados Unidos,99,63,Costa de Marfil,1986
480,Italia,78,55,Puerto Rico,1986
481,Alemania del Oeste,88,70,Costa de Marfil,1986
482,Estados Unidos,107,81,China,1986
483,Estados Unidos,81,68,Alemania del Oeste,1986
484,Italia,98,62,Costa de Marfil,1986
485,China,98,84,Puerto Rico,1986
486,Estados Unidos,73,72,Puerto Rico,1986
487,China,84,72,Costa de Marfil,1986
488,Italia,85,76,Alemania del Oeste,1986
489,Alemania del Oeste,81,80,China,1986
490,Estados Unidos,86,64,Italia,1986
491,Puerto Rico,91,55,Costa de Marfil,1986
492,Argentina,82,75,Países Bajos,1986
493,Yugoslavia,118,81,Nueva Zelandia,1986
494,Canadá,128,38,Malasia,1986
495,Países Bajos,84,66,Nueva Zelandia,1986
496,Canadá,96,82,Argentina,1986
497,Yugoslavia,131,61,Malasia,1986
498,Argentina,93,73,Malasia,1986
499,Yugoslavia,95,74,Países Bajos,1986
500,Canadá,110,74,Nueva Zelandia,1986
501,Nueva Zelandia,77,75,Malasia,1986
502,Yugoslavia,87,68,Argentina,1986
503,Canadá,96,79,Países Bajos,1986
504,Yugoslavia,83,80,Canadá,1986
505,Argentina,89,64,Nueva Zelandia,1986
506,Países Bajos,110,66,Malasia,1986
507,España,94,65,Israel,1986
508,Brasil,99,83,Cuba,1986
509,URSS,105,93,Grecia,1986
510,Cuba,74,66,Grecia,1986
511,URSS,88,83,España,1986
512,Brasil,90,75,Israel,1986
513,España,78,77,Cuba,1986
514,Israel,82,79,Grecia,1986
515,URSS,110,101,Brasil,1986
516,Argentina,74,70,Estados Unidos,1986
517,Italia,89,86,Canadá,1986
518,Yugoslavia,106,82,China,1986
519,Estados Unidos,77,65,Canadá,1986
520,Argentina,97,80,China,1986
521,Yugoslavia,102,76,Italia,1986
522,Estados Unidos,69,60,Yugoslavia,1986
523,Italia,78,70,Argentina,1986
524,Canadá,95,81,China,1986
525,China,93,78,Cuba,1986
526,Grecia,102,88,Argentina,1986
527,España,100,80,Canadá,1986
528,Italia,100,78,Israel,1986
529,URSS,91,90,Yugoslavia,1986
530,Estados Unidos,96,80,Brasil,1986
531,Cuba,85,81,Argentina,1986
532,China,112,111,Grecia,1986
533,Israel,97,84,Canadá,1986
534,España,87,69,Italia,1986
535,Yugoslavia,117,91,Brasil,1986
536,Estados Unidos,87,85,URSS,1986
537,Puerto Rico,78,75,Angola,1990
538,Yugoslavia,92,84,Venezuela,1990
539,Puerto Rico,88,74,Venezuela,1990
540,Yugoslavia,92,79,Angola,1990
541,Puerto Rico,82,75,Yugoslavia,1990
542,Venezuela,83,77,Angola,1990
543,Australia,106,85,China,1990
544,Brasil,125,109,Italia,1990
545,Italia,94,89,Australia,1990
546,Brasil,138,95,China,1990
547,Australia,69,68,Brasil,1990
548,Italia,115,76,China,1990
549,Estados Unidos,103,95,Grecia,1990
550,España,130,101,Corea del Sur,1990
551,Grecia,102,93,España,1990
552,Estados Unidos,146,67,Corea del Sur,1990
553,Estados Unidos,95,85,España,1990
554,Grecia,119,76,Corea del Sur,1990
555,Canadá,83,68,Egipto,1990
556,URSS,97,77,Argentina,1990
557,Argentina,96,88,Canadá,1990
558,URSS,102,76,Egipto,1990
559,Argentina,82,65,Egipto,1990
560,URSS,90,81,Canadá,1990
561,Puerto Rico,89,79,Australia,1990
562,Estados Unidos,104,100,Argentina,1990
563,Estados Unidos,79,78,Australia,1990
564,Puerto Rico,92,76,Argentina,1990
565,Puerto Rico,81,79,Estados Unidos,1990
566,Australia,95,91,Argentina,1990
567,URSS,75,57,Grecia,1990
568,Yugoslavia,105,86,Brasil,1990
569,Yugoslavia,100,77,URSS,1990
570,Grecia,103,88,Brasil,1990
571,Yugoslavia,77,67,Grecia,1990
572,URSS,110,100,Brasil,1990
573,Italia,86,78,Angola,1990
574,Canadá,124,86,Corea del Sur,1990
575,Angola,104,93,Corea del Sur,1990
576,Italia,110,81,Canadá,1990
577,Canadá,82,80,Angola,1990
578,Italia,123,100,Corea del Sur,1990
579,Venezuela,103,101,Egipto,1990
580,España,130,86,China,1990
581,China,95,87,Egipto,1990
582,España,122,102,Venezuela,1990
583,Venezuela,100,96,China,1990
584,España,107,73,Egipto,1990
585,Angola,83,70,Egipto,1990
586,China,122,100,Corea del Sur,1990
587,España,84,75,Canadá,1990
588,Italia,108,100,Venezuela,1990
589,Grecia,81,78,Argentina,1990
590,Brasil,100,93,Australia,1990
591,Corea del Sur,117,115,Egipto,1990
592,Angola,112,96,China,1990
593,Venezuela,93,92,Canadá,1990
594,URSS,98,82,Puerto Rico,1990
595,Yugoslavia,99,91,Estados Unidos,1990
596,Italia,106,83,España,1990
597,Australia,98,84,Argentina,1990
598,Brasil,97,94,Grecia,1990
599,Estados Unidos,107,105,Puerto Rico,1990
600,Yugoslavia,92,75,URSS,1990
601,China,97,93,Brasil,1994
602,Estados Unidos,115,100,España,1994
603,España,73,67,Brasil,1994
604,Estados Unidos,132,77,China,1994
605,China,78,76,España,1994
606,Estados Unidos,105,82,Brasil,1994
607,Croacia,85,65,Cuba,1994
608,Australia,87,85,Corea del Sur,1994
609,Australia,93,87,Cuba,1994
610,Croacia,104,53,Corea del Sur,1994
611,Croacia,83,69,Australia,1994
612,Cuba,92,79,Corea del Sur,1994
613,Canadá,83,52,Angola,1994
614,Russie,84,64,Argentina,1994
615,Canadá,91,73,Argentina,1994
616,Russie,94,57,Angola,1994
617,Argentina,67,59,Angola,1994
618,Russie,73,66,Canadá,1994
619,Grecia,68,58,Alemania,1994
620,Puerto Rico,102,74,Egipto,1994
621,Grecia,69,53,Egipto,1994
622,Alemania,81,74,Puerto Rico,1994
623,Puerto Rico,72,64,Grecia,1994
624,Alemania,78,56,Egipto,1994
625,Russie,101,85,Puerto Rico,1994
626,Estados Unidos,130,74,Australia,1994
627,Russie,103,76,Australia,1994
628,Estados Unidos,134,83,Puerto Rico,1994
629,Australia,94,81,Puerto Rico,1994
630,Estados Unidos,111,94,Russie,1994
631,Grecia,74,71,Canadá,1994
632,Croacia,105,73,China,1994
633,Grecia,77,61,China,1994
634,Croacia,92,61,Canadá,1994
635,Canadá,90,58,China,1994
636,Croacia,81,55,Grecia,1994
637,Argentina,91,66,Egipto,1994
638,España,98,57,Corea del Sur,1994
639,España,94,52,Egipto,1994
640,Argentina,105,83,Corea del Sur,1994
641,España,72,70,Argentina,1994
642,Corea del Sur,89,81,Egipto,1994
643,Brasil,83,76,Cuba,1994
644,Alemania,86,76,Angola,1994
645,Cuba,75,71,Angola,1994
646,Alemania,96,76,Brasil,1994
647,Angola,79,78,Brasil,1994
648,Alemania,86,74,Cuba,1994
649,Egipto,69,54,Cuba,1994
650,Corea del Sur,75,71,Angola,1994
651,Argentina,85,71,Alemania,1994
652,España,90,85,Brasil,1994
653,Puerto Rico,85,82,Canadá,1994
654,Australia,95,57,China,1994
655,Cuba,75,67,Angola,1994
656,Corea del Sur,76,69,Egipto,1994
657,Brasil,93,71,Alemania,1994
658,Russie,66,64,Croacia,1994
659,Estados Unidos,97,58,Grecia,1994
660,Argentina,74,65,España,1994
661,Canadá,104,76,China,1994
662,Australia,96,83,Puerto Rico,1994
663,Croacia,78,60,Grecia,1994
664,Estados Unidos,137,91,Russie,1994
665,Italia,76,66,Senegal,1998
666,Grecia,78,72,Canadá,1998
667,Grecia,64,56,Italia,1998
668,Canadá,70,57,Senegal,1998
669,Grecia,68,57,Senegal,1998
670,Italia,79,69,Canadá,1998
671,Yugoslavia,80,66,Puerto Rico,1998
672,Russie,83,58,Japón,1998
673,Puerto Rico,78,57,Japón,1998
674,Yugoslavia,82,74,Russie,1998
675,Russie,86,73,Puerto Rico,1998
676,Yugoslavia,99,54,Japón,1998
677,Estados Unidos,83,59,Brasil,1998
678,Lituania,97,56,Corea del Sur,1998
679,Brasil,76,73,Corea del Sur,1998
680,Lituania,84,82,Estados Unidos,1998
681,Lituania,66,62,Brasil,1998
682,Estados Unidos,88,62,Corea del Sur,1998
683,Argentina,66,62,Australia,1998
684,España,80,68,Nigeria,1998
685,Argentina,68,51,Nigeria,1998
686,España,77,76,Australia,1998
687,España,68,67,Argentina,1998
688,Australia,70,64,Nigeria,1998
689,Russie,71,55,Italia,1998
690,Grecia,71,64,Puerto Rico,1998
691,Yugoslavia,95,55,Canadá,1998
692,Russie,60,48,Grecia,1998
693,Italia,61,60,Yugoslavia,1998
694,Puerto Rico,94,81,Canadá,1998
695,Italia,68,63,Puerto Rico,1998
696,Yugoslavia,70,56,Grecia,1998
697,Russie,81,72,Canadá,1998
698,Australia,71,61,Lituania,1998
699,España,73,63,Brasil,1998
700,Estados Unidos,87,74,Argentina,1998
701,Australia,75,63,Brasil,1998
702,Estados Unidos,75,73,España,1998
703,Lituania,84,75,Argentina,1998
704,España,86,80,Lituania,1998
705,Argentina,86,76,Brasil,1998
706,Estados Unidos,96,78,Australia,1998
707,Japón,60,55,Senegal,1998
708,Nigeria,89,65,Corea del Sur,1998
709,Senegal,75,72,Corea del Sur,1998
710,Nigeria,70,60,Japón,1998
711,Brasil,76,64,Puerto Rico,1998
712,Australia,88,71,Canadá,1998
713,Grecia,69,62,España,1998
714,Yugoslavia,70,62,Argentina,1998
715,Estados Unidos,80,77,Italia,1998
716,Russie,82,67,Lituania,1998
717,Italia,76,71,Lituania,1998
718,España,77,64,Argentina,1998
719,Russie,66,64,Estados Unidos,1998
720,Yugoslavia,78,73,Grecia,1998
721,Puerto Rico,92,81,Canadá,1998
722,Australia,79,75,Brasil,1998
723,Lituania,77,76,Argentina,1998
724,España,64,61,Italia,1998
725,Estados Unidos,84,61,Grecia,1998
726,Yugoslavia,64,62,Russie,1998
727,Canadá,54,85,España,2002
728,Serbia,113,63,Angola,2002
729,España,71,69,Serbia,2002
730,Angola,84,74,Canadá,2002
731,Angola,55,88,España,2002
732,Canadá,71,87,Serbia,2002
733,Puerto Rico,78,75,Turquía,2002
734,Brasil,102,73,Líbano,2002
735,Líbano,77,99,Puerto Rico,2002
736,Turquía,86,88,Brasil,2002
737,Líbano,80,107,Turquía,2002
738,Puerto Rico,86,90,Brasil,2002
739,China,76,88,Alemania,2002
740,Alemania,87,104,Estados Unidos,2002
741,Argelia,82,96,China,2002
742,Estados Unidos,110,60,Argelia,2002
743,China,65,84,Estados Unidos,2002
744,Alemania,102,70,Argelia,2002
745,Nueva Zelandia,90,81,Russie,2002
746,Nueva Zelandia,98,85,Venezuela,2002
747,Argentina,107,72,Venezuela,2002
748,Venezuela,69,86,Russie,2002
749,Russie,81,100,Argentina,2002
750,Argentina,112,85,Nueva Zelandia,2002
751,Turquía,64,87,España,2002
752,Puerto Rico,85,83,Serbia,2002
753,Brasil,86,83,Angola,2002
754,España,65,73,Puerto Rico,2002
755,Angola,66,86,Turquía,2002
756,Serbia,90,69,Brasil,2002
757,Brasil,67,84,España,2002
758,Turquía,78,110,Serbia,2002
759,Puerto Rico,89,87,Angola,2002
760,Nueva Zelandia,64,84,Alemania,2002
761,Alemania,77,86,Argentina,2002
762,Russie,82,106,Estados Unidos,2002
763,Argentina,95,71,China,2002
764,China,68,95,Russie,2002
765,Russie,85,103,Alemania,2002
766,Nueva Zelandia,94,88,China,2002
767,Estados Unidos,110,62,Nueva Zelandia,2002
768,Estados Unidos,80,87,Argentina,2002
769,España,62,70,Alemania,2002
770,Puerto Rico,63,65,Nueva Zelandia,2002
771,Brasil,67,78,Argentina,2002
772,Serbia,81,78,Estados Unidos,2002
773,Nueva Zelandia,78,89,Serbia,2002
774,Alemania,80,86,Argentina,2002
775,Alemania,117,94,Nueva Zelandia,2002
776,Argentina,77,84,Serbia,2002
777,Francia,70,80,Argentina,2006
778,Serbia,75,82,Nigeria,2006
779,Líbano,82,72,Venezuela,2006
780,Serbia,61,65,Francia,2006
781,Nigeria,77,84,Venezuela,2006
782,Argentina,107,72,Líbano,2006
783,Líbano,57,104,Serbia,2006
784,Francia,64,53,Nigeria,2006
785,Argentina,96,54,Venezuela,2006
786,Líbano,74,73,Francia,2006
787,Serbia,90,65,Venezuela,2006
788,Argentina,98,64,Nigeria,2006
789,Líbano,72,95,Nigeria,2006
790,Francia,81,61,Venezuela,2006
791,Argentina,83,79,Serbia,2006
792,Alemania,81,70,Japón,2006
793,Angola,83,70,Panamá,2006
794,España,86,70,Nueva Zelandia,2006
795,Alemania,80,56,Nueva Zelandia,2006
796,Angola,87,62,Japón,2006
797,España,101,57,Panamá,2006
798,Alemania,71,92,España,2006
799,Japón,78,61,Panamá,2006
800,Angola,95,73,Nueva Zelandia,2006
801,Japón,57,60,Nueva Zelandia,2006
802,Alemania,81,63,Panamá,2006
803,Angola,83,93,España,2006
804,Nueva Zelandia,86,75,Panamá,2006
805,España,104,55,Japón,2006
806,Alemania,108,103,Angola,2006
807,Lituania,74,76,Turquía,2006
808,Australia,83,77,Brasil,2006
809,Grecia,84,64,Qatar,2006
810,Australia,68,76,Turquía,2006
811,Grecia,81,76,Lituania,2006
812,Brasil,97,66,Qatar,2006
813,Australia,69,72,Grecia,2006
814,Brasil,71,73,Turquía,2006
815,Lituania,106,65,Qatar,2006
816,Australia,57,78,Lituania,2006
817,Turquía,76,69,Qatar,2006
818,Brasil,80,91,Grecia,2006
819,Brasil,74,79,Lituania,2006
820,Grecia,76,69,Turquía,2006
821,Australia,93,46,Qatar,2006
822,China,69,84,Italia,2006
823,Senegal,79,96,Eslovenia,2006
824,Estados Unidos,111,100,Puerto Rico,2006
825,Italia,80,76,Eslovenia,2006
826,Puerto Rico,88,79,Senegal,2006
827,China,90,121,Estados Unidos,2006
828,Italia,64,56,Senegal,2006
829,China,87,90,Puerto Rico,2006
830,Estados Unidos,114,95,Eslovenia,2006
831,Eslovenia,90,82,Puerto Rico,2006
832,Estados Unidos,94,85,Italia,2006
833,China,100,83,Senegal,2006
834,Italia,73,72,Puerto Rico,2006
835,China,78,77,Eslovenia,2006
836,Estados Unidos,103,58,Senegal,2006
837,Francia,68,62,Angola,2006
838,Lituania,71,68,Italia,2006
839,Alemania,78,77,Nigeria,2006
840,Argentina,79,62,Nueva Zelandia,2006
841,España,87,75,Serbia,2006
842,Turquía,90,84,Eslovenia,2006
843,Grecia,95,64,China,2006
844,Estados Unidos,113,73,Australia,2006
845,Grecia,73,56,Francia,2006
846,Argentina,83,58,Turquía,2006
847,Estados Unidos,85,65,Alemania,2006
848,España,89,67,Lituania,2006
849,España,75,74,Argentina,2006
850,Grecia,101,95,Estados Unidos,2006
851,Estados Unidos,96,81,Argentina,2006
852,Grecia,47,70,España,2006
853,Australia,76,75,Jordania,2010
854,Angola,44,94,Serbia,2010
855,Alemania,74,78,Argentina,2010
856,Jordania,65,79,Angola,2010
857,Serbia,81,82,Alemania,2010
858,Argentina,74,72,Australia,2010
859,Jordania,69,112,Serbia,2010
860,Australia,78,43,Alemania,2010
861,Angola,70,91,Argentina,2010
862,Serbia,94,79,Australia,2010
863,Alemania,88,92,Angola,2010
864,Argentina,88,79,Jordania,2010
865,Angola,55,76,Australia,2010
866,Argentina,82,84,Serbia,2010
867,Jordania,73,91,Alemania,2010
868,Túnez,56,80,Eslovenia,2010
869,Estados Unidos,106,78,Croacia,2010
870,Irán,65,81,Brasil,2010
871,Eslovenia,77,99,Estados Unidos,2010
872,Croacia,75,54,Irán,2010
873,Brasil,80,65,Túnez,2010
874,Eslovenia,91,84,Croacia,2010
875,Túnez,58,71,Irán,2010
876,Estados Unidos,70,68,Brasil,2010
877,Croacia,84,64,Túnez,2010
878,Irán,51,88,Estados Unidos,2010
879,Brasil,77,80,Eslovenia,2010
880,Estados Unidos,92,57,Túnez,2010
881,Eslovenia,65,60,Irán,2010
882,Brasil,92,74,Croacia,2010
883,Grecia,89,81,China,2010
884,Russie,75,66,Puerto Rico,2010
885,Costa de Marfil,47,86,Turquía,2010
886,China,83,73,Costa de Marfil,2010
887,Puerto Rico,80,83,Grecia,2010
888,Turquía,65,56,Russie,2010
889,Russie,72,66,Costa de Marfil,2010
890,Puerto Rico,84,76,China,2010
891,Grecia,65,76,Turquía,2010
892,China,80,89,Russie,2010
893,Costa de Marfil,60,97,Grecia,2010
894,Turquía,79,77,Puerto Rico,2010
895,Puerto Rico,79,88,Costa de Marfil,2010
896,Grecia,69,73,Russie,2010
897,Turquía,87,40,China,2010
898,Nueva Zelandia,79,92,Lituania,2010
899,Canadá,71,81,Líbano,2010
900,Francia,72,66,España,2010
901,Lituania,70,68,Canadá,2010
902,Líbano,59,86,Francia,2010
903,España,101,84,Nueva Zelandia,2010
904,Nueva Zelandia,108,76,Líbano,2010
905,Francia,68,63,Canadá,2010
906,España,73,76,Lituania,2010
907,Canadá,61,71,Nueva Zelandia,2010
908,Líbano,79,94,España,2010
909,Lituania,69,55,Francia,2010
910,España,89,67,Canadá,2010
911,Líbano,66,84,Lituania,2010
912,Nueva Zelandia,82,70,Francia,2010
913,Serbia,73,72,Croacia,2010
914,España,80,72,Grecia,2010
915,Eslovenia,87,58,Australia,2010
916,Turquía,95,77,Francia,2010
917,Estados Unidos,121,66,Angola,2010
918,Russie,78,56,Nueva Zelandia,2010
919,Lituania,78,67,China,2010
920,Argentina,93,89,Brasil,2010
921,Serbia,92,89,España,2010
922,Turquía,95,68,Eslovenia,2010
923,Estados Unidos,89,79,Russie,2010
924,Lituania,104,85,Argentina,2010
925,España,97,80,Eslovenia,2010
926,Russie,61,73,Argentina,2010
927,Eslovenia,78,83,Russie,2010
928,Estados Unidos,89,74,Lituania,2010
929,Serbia,82,83,Turquía,2010
930,España,81,86,Argentina,2010
931,Lituania,99,88,Serbia,2010
932,Turquía,64,81,Estados Unidos,2010
933,Serbia,85,64,Egipto,2014
934,Brasil,65,63,Francia,2014
935,España,90,60,Irán,2014
936,Francia,74,73,Serbia,2014
937,Brasil,79,50,Irán,2014
938,España,91,54,Egipto,2014
939,Serbia,83,70,Irán,2014
940,Francia,94,55,Egipto,2014
941,España,82,63,Brasil,2014
942,Irán,88,73,Egipto,2014
943,Brasil,81,73,Serbia,2014
944,España,88,64,Francia,2014
945,Brasil,128,65,Egipto,2014
946,Francia,81,76,Irán,2014
947,España,89,73,Serbia,2014
948,Croacia,81,78,Filipinas,2014
949,Argentina,98,75,Puerto Rico,2014
950,Grecia,87,64,Senegal,2014
951,Croacia,90,85,Argentina,2014
952,Senegal,82,75,Puerto Rico,2014
953,Grecia,82,70,Filipinas,2014
954,Senegal,77,75,Croacia,2014
955,Argentina,85,81,Filipinas,2014
956,Grecia,90,79,Puerto Rico,2014
957,Puerto Rico,77,73,Filipinas,2014
958,Argentina,81,46,Senegal,2014
959,Grecia,76,65,Croacia,2014
960,Filipinas,81,79,Senegal,2014
961,Croacia,103,82,Puerto Rico,2014
962,Grecia,79,71,Argentina,2014
963,Ucrania,72,62,republique dominicaire,2014
964,Turquía,76,73,Nueva Zelandia,2014
965,Estados Unidos,114,55,Finlandia,2014
966,republique dominicaire,76,63,Nueva Zelandia,2014
967,Finlandia,81,76,Ucrania,2014
968,Estados Unidos,98,77,Turquía,2014
969,Ucrania,64,58,Turquía,2014
970,Estados Unidos,98,71,Nueva Zelandia,2014
971,republique dominicaire,74,68,Finlandia,2014
972,Nueva Zelandia,73,61,Ucrania,2014
973,Turquía,77,73,Finlandia,2014
974,Estados Unidos,106,71,republique dominicaire,2014
975,Nueva Zelandia,67,65,Finlandia,2014
976,Estados Unidos,95,71,Ucrania,2014
977,Turquía,77,64,republique dominicaire,2014
978,Angola,80,69,Corea del Sur,2014
979,Eslovenia,90,80,Australia,2014
980,Lituania,87,74,México,2014
981,Australia,89,55,Corea del Sur,2014
982,Eslovenia,89,68,México,2014
983,Lituania,75,62,Angola,2014
984,México,79,55,Angola,2014
985,Australia,82,75,Lituania,2014
986,Eslovenia,89,72,Corea del Sur,2014
987,Australia,70,62,México,2014
988,Eslovenia,93,87,Angola,2014
989,Lituania,79,49,Corea del Sur,2014
990,Angola,91,83,Australia,2014
991,México,87,71,Corea del Sur,2014
992,Lituania,67,64,Eslovenia,2014
993,Estados Unidos,86,63,México,2014
994,Francia,69,64,Croacia,2014
995,Eslovenia,71,61,republique dominicaire,2014
996,España,89,56,Senegal,2014
997,Lituania,76,71,Nueva Zelandia,2014
998,Serbia,90,72,Grecia,2014
999,Turquía,65,64,Australia,2014
1000,Brasil,85,65,Argentina,2014
1001,Lituania,73,61,Turquía,2014
1002,Estados Unidos,119,76,Eslovenia,2014
1003,Serbia,84,56,Brasil,2014
1004,Francia,65,52,España,2014
1005,Estados Unidos,96,68,Lituania,2014
1006,Serbia,90,85,Francia,2014
1007,Francia,95,93,Lituania,2014
1008,Estados Unidos,129,92,Serbia,2014
1009,Polonia,80,69,Venezuela,2019
1010,China,70,55,Costa de Marfil,2019
1011,Venezuela,87,71,Costa de Marfil,2019
1012,Polonia,79,76,China,2019
1013,Polonia,80,63,Costa de Marfil,2019
1014,Venezuela,72,59,China,2019
1015,Russie,82,77,Nigeria,2019
1016,Argentina,95,69,Corea del Sur,2019
1017,Argentina,94,81,Nigeria,2019
1018,Russie,87,73,Corea del Sur,2019
1019,Nigeria,108,66,Corea del Sur,2019
1020,Argentina,69,61,Russie,2019
1021,Puerto Rico,83,81,Irán,2019
1022,España,101,62,Túnez,2019
1023,Túnez,79,67,Irán,2019
1024,España,73,63,Puerto Rico,2019
1025,Puerto Rico,67,64,Túnez,2019
1026,España,73,65,Irán,2019
1027,Serbia,105,59,Angola,2019
1028,Italia,108,62,Filipinas,2019
1029,Italia,92,61,Angola,2019
1030,Serbia,126,67,Filipinas,2019
1031,Angola,84,81,Filipinas,2019
1032,Serbia,92,77,Italia,2019
1033,Turquía,86,67,Japón,2019
1034,Estados Unidos,88,67,republique tcheque,2019
1035,republique tcheque,89,76,Japón,2019
1036,Estados Unidos,93,92,Turquía,2019
1037,republique tcheque,91,76,Turquía,2019
1038,Estados Unidos,98,45,Japón,2019
1039,Brasil,102,94,Nueva Zelandia,2019
1040,Grecia,85,60,Montenegro,2019
1041,Nueva Zelandia,93,83,Montenegro,2019
1042,Brasil,79,78,Grecia,2019
1043,Brasil,84,73,Montenegro,2019
1044,Grecia,103,97,Nueva Zelandia,2019
1045,republique dominicaire,80,76,Jordania,2019
1046,Francia,78,74,Alemania,2019
1047,republique dominicaire,70,68,Alemania,2019
1048,Francia,103,64,Jordania,2019
1049,Alemania,96,62,Jordania,2019
1050,Francia,90,56,republique dominicaire,2019
1051,Australia,108,92,Canadá,2019
1052,Lituania,101,47,Senegal,2019
1053,Australia,81,68,Senegal,2019
1054,Lituania,92,69,Canadá,2019
1055,Canadá,82,60,Senegal,2019
1056,Australia,87,82,Lituania,2019
1057,Polonia,79,74,Russie,2019
1058,Argentina,87,67,Venezuela,2019
1059,Russie,69,60,Venezuela,2019
1060,Argentina,91,65,Polonia,2019
1061,Serbia,90,47,Puerto Rico,2019
1062,España,67,60,Italia,2019
1063,Italia,94,89,Puerto Rico,2019
1064,España,81,69,Serbia,2019
1065,republique tcheque,93,71,Brasil,2019
1066,Estados Unidos,69,53,Grecia,2019
1067,Grecia,84,77,republique tcheque,2019
1068,Estados Unidos,89,73,Brasil,2019
1069,Australia,82,76,republique dominicaire,2019
1070,Francia,78,75,Lituania,2019
1071,Lituania,74,55,republique dominicaire,2019
1072,Australia,100,98,Francia,2019
1073,Nigeria,83,66,Costa de Marfil,2019
1074,China,77,73,Corea del Sur,2019
1075,Corea del Sur,80,71,Costa de Marfil,2019
1076,Nigeria,86,73,China,2019
1077,Irán,71,62,Angola,2019
1078,Túnez,86,67,Filipinas,2019
1079,Túnez,86,84,Angola,2019
1080,Irán,95,75,Filipinas,2019
1081,Nueva Zelandia,111,81,Japón,2019
1082,Turquía,79,74,Montenegro,2019
1083,Montenegro,80,65,Japón,2019
1084,Nueva Zelandia,102,101,Turquía,2019
1085,Canadá,126,71,Jordania,2019
1086,Alemania,89,78,Senegal,2019
1087,Jordania,79,77,Senegal,2019
1088,Alemania,82,76,Canadá,2019
1089,Argentina,97,87,Serbia,2019
1090,España,90,78,Polonia,2019
1091,Francia,89,79,Estados Unidos,2019
1092,Australia,82,70,republique tcheque,2019
1093,Serbia,94,89,Estados Unidos,2019
1094,republique tcheque,94,84,Polonia,2019
1095,España,95,88,Australia,2019
1096,Argentina,80,66,Francia,2019
1097,Estados Unidos,87,74,Polonia,2019
1098,Serbia,90,81,republique tcheque,2019
1099,Francia,67,59,Australia,2019
1100,España,95,75,Argentina,2019
